Tweet ID,Original Tweet,Preprocessed,Reference Translation: Google Translation,Reference Translation: Microsoft Translation,Translated Tweet: M2M-100 model,Translated Tweet: MarianMT model,Created At,Language
1665784597391499265,no me hab√≠a dado cuenta que ya estamos en Junio,no me habia dado cuenta que ya estamos en junio,I had not realized that we are already in June,I had not realized that we are already in June,I didn't realize we were already in June.,I didn't realize it's already June.,2023-06-05 18:16:11+00:00,es
1654859874113601537,"voy a cambiar mi canci√≥n de entrada para la lucha de hoy...

@WWE para que lo sepan","voy a cambiar mi cancion de entrada para la lucha de hoy...
wwe para que lo sepan",I am going to change my entrance song for today's fight ... wwe so you know,"I'm going to change my entrance song for today's fight...
WWE Just Letting You Know",I'm going to change my intro song for today's fight... we just so you know.,I'm going to change my entry song for today's fight... wwe to let them know.,2023-05-06 14:45:14+00:00,es
1654858297709658112,buenos d√≠as,buenos dias,good morning,Good morning,Good day.,Good morning.,2023-05-06 14:38:58+00:00,es
1648798904916520961,pizza con pi√±a,pizza con pina,pizza with pina,pizza with pineapple,Pizza with pineapple,pizza with pine,2023-04-19 21:21:06+00:00,es
1648783714552545282,este a√±o solo pondr√© 10 tweets y con este ya van dos...,este ano solo pondre 10 tweets y con este ya van dos...,This year I will only put 10 tweets and with this there are already two...,This year I will only put 10 tweets and with this one there are already two ...,"This year, I'm only going to post 10 tweets and this one's already two...",This year I'll just put 10 tweets and with this one go two...,2023-04-19 20:20:45+00:00,es
1648780175403024384,que rico tu hueles,que rico tu hueles,how delicious you smell,how rich you smell,How rich you smell,How rich you smell,2023-04-19 20:06:41+00:00,es
1609352384056274944,y empezar el 2023 bien cabr√≥n...,y empezar el 2023 bien cabron...,and start 2023 well bastard...,and start 2023 well bastard...,And start 2023 well fuck...,And start the 2023 well cocksucker...,2023-01-01 00:54:43+00:00,es
1609344824611672064,ya estoy borracho,ya estoy borracho,I'm already drunk,I'm already drunk,I'm already drunk,I'm already drunk.,2023-01-01 00:24:41+00:00,es
1609331119761068032,un coco,un coco,A coconut,a coconut,a coconut,a coconut,2022-12-31 23:30:13+00:00,es
1609298873712787459,hoy 31 el coraz√≥n siente doble,hoy 31 el corazon siente doble,today the 31st the heart feels double,Today 31 The heart feels double,Today the heart feels double,today 31 the heart feels double,2022-12-31 21:22:05+00:00,es
1609264441672998912,hoy yo no voy a beber,hoy yo no voy a beber,today I am not going to drink,Today I'm not going to drink,I'm not drinking today.,Today I won't drink,2022-12-31 19:05:16+00:00,es
1608989959188549632,estoy sudao,estoy sudao,I'm sweaty,I'm sweaty,I'm sweating,I'm sweaty.,2022-12-31 00:54:34+00:00,es
1608906584037675009,"perd√≥n, mala mia","perdon, mala mia","loss, my bad","sorry, bad mine","I'm sorry, my poor girl.","I'm sorry, my bad.",2022-12-30 19:23:16+00:00,es
1608582709798133761,le quedan dos d√≠as a diciembre y yo no he comido tembleque todav√≠a,le quedan dos dias a diciembre y yo no he comido tembleque todavia,December has two days left and I haven't eaten trembling yet,He has two days left in December and I haven't eaten tremor yet.,There's two days left in December and I haven't eaten shakes yet.,"It's two days to December, and I haven't eaten tembleque yet.",2022-12-29 21:56:18+00:00,es
1608267899105607680,que las cosas no salgan como tu quer√≠as no significan que salieron mal,que las cosas no salgan como tu querias no significan que salieron mal,Just because things don't go the way you wanted doesn't mean they went wrong,Just because things don't go your way doesn't mean they went wrong.,Just because things don't go your way doesn't mean they went wrong.,That things don't go the way you wanted them didn't mean they went wrong.,2022-12-29 01:05:21+00:00,es
1608266607847145472,cada cual se cuida de la manera que sabe,cada cual se cuida de la manera que sabe,everyone takes care of themselves in the way they know how,Everyone takes care of themselves in the way they know,Each takes care of himself the way he knows,everyone takes care of themselves the way he knows,2022-12-29 01:00:14+00:00,es
1608173962961498113,como una estrella en la inmensidad,como una estrella en la inmensidad,like a star in the immensity,Like a star in the immensity,Like a star in the vastness,Like a star in immensity,2022-12-28 18:52:05+00:00,es
1608172970500923396,algod√≥n,algodon,cotton,Cotton,cotton,cotton,2022-12-28 18:48:09+00:00,es
1607894166914367489,"""LA JUMPA""

en vivo HOY / 10:00 pm üéÑüìçüáµüá∑","""la jumpa""
en vivo hoy / 10:00 pm","""la jumpa"" live today / 10:00 pm","""The Jumpa""
Live Today / 10:00 pm","""la jumpa"" live today / 10:00 pm","""The Jump"" Live Today / 10:00 pm",2022-12-28 00:20:17+00:00,es
1607533251937329152,que cosa m√°s bonita,que cosa mas bonita,what a beautiful thing,what a beautiful thing,What's more beautiful,What a beautiful thing.,2022-12-27 00:26:08+00:00,es
1607089607534837763,yo que soy dram√°tico y la vida d√°ndome libreto de m√°s,yo que soy dramatico y la vida dandome libreto de mas,I am dramatic and life giving me too much script,I am dramatic and life giving me libretto of more,I'm a dramatic and life gives me a little more,I'm a dramatist and life giving me more script,2022-12-25 19:03:15+00:00,es
1607015910505697281,feliz navidad,feliz navidad,merry christmas,Merry Christmas,Merry Christmas,Merry Christmas.,2022-12-25 14:10:24+00:00,es
1606852059504025600,taaa bien,taaa bien,sooo good,taaa well,It's good.,That's good.,2022-12-25 03:19:19+00:00,es
1606675729722253314,"tripleta de jam√≥n, pavo y pastrami con botella de malta","tripleta de jamon, pavo y pastrami con botella de malta","Triplet of ham, turkey and pastrami with a bottle of malt","Triplet of ham, turkey and pastrami with malt bottle","triplets of ham, turkey and pastrami with bottle of malt","triplet of ham, turkey and pastrami with malt bottle",2022-12-24 15:38:39+00:00,es
1606669053866545152,d√≠as como hoy la nostalgia coge a uno y te mete 30 pu√±os,dias como hoy la nostalgia coge a uno y te mete 30 punos,days like today nostalgia takes one and puts 30 punches,Days like today nostalgia takes one and you get 30 punos,‚ô™ days like today ‚ô™ ‚ô™ nostalgia takes one and puts 30 punches on you ‚ô™,days like today nostalgia grabs one and shoves 30 puns into you,2022-12-24 15:12:07+00:00,es
1606103220677316608,"ESTO ES PA' QUE PRENDAN LA CALLE DESDE YA CON ESTA...

""GATO DE NOCHE"" üêà‚Äç‚¨õü•µ 
con el √ëengosooooo 

https://t.co/ZvpXyfu5ER","esto es pa' que prendan la calle desde ya con esta...
""gato de noche""
con el nengosooooo","This is so that they light up the street from now on with this... ""night cat"" with the nengosooooo","this is to 'that they light the street from now with this...
""Night cat""
with the nengosooooo","This is the street they're going to start with with this... ""night cat"" with the nerd.","This is why they're starting the street with this... ""nightcat"" with the nengosoooo.",2022-12-23 01:43:42+00:00,es
1605618404785680384,"""¬øC√≥mo van a convencerme de que la magia no existe?""","""?como van a convencerme de que la magia no existe?""","""How are you going to convince me that magic doesn't exist?""","""How are they going to convince me that magic doesn't exist?""","""how are you going to convince me that magic doesn't exist?""","""how are you going to convince me that magic doesn't exist?""",2022-12-21 17:37:13+00:00,es
1605617948323766273,maldita sea,maldita sea,damn,dammit,Damn it,God damn it.,2022-12-21 17:35:24+00:00,es
1605572154442911744,me la paso el d√≠a entero hablando solo,me la paso el dia entero hablando solo,I spend the whole day talking to myself,I spend the whole day talking alone,I spend the whole day talking alone.,I spend the whole day talking to myself.,2022-12-21 14:33:26+00:00,es
1604558392655224835,wow que maldito JUEGO!! EL MEJOR QUE HE VISTO EN MI VIDA! FELICIDADES ARGENTINA!!!! üá¶üá∑ SE LOGR√ì!!!! CAMPEONES DEL MUNDO!!!! NADIE SE LA MEREC√çA MAS QUE USTEDES!! NADIE LA LUCH√ì M√ÅS QUE USTEDES!!! MESSI LA CABRA!!!!!!!!!! üêêüèÜ,wow que maldito juego!! el mejor que he visto en mi vida! felicidades argentina!!!! se logro!!!! campeones del mundo!!!! nadie se la merecia mas que ustedes!! nadie la lucho mas que ustedes!!! messi la cabra!!!!!!!!!!,wow what a fucking game!! The best I've ever seen in my life! congratulations argentina!!!! was achieved!!!! world champions!!!! no one deserved it more than you!! no one fought it more than you!!! messi the goat!!!!!!!!!,wow what a damn game!! the best I've ever seen! Congratulations Argentina!!! was achieved!!! world champions!!! nobody deserved it more than you!! No one fought it more than you!! Messi the goat!!!!!!!!!,Wow what a damn game!! the best I've ever seen in my life! congratulations Argentina!!!! it's achieved!!!! world champions!!!! nobody deserves it more than you!! nobody fights it more than you!!! messi the goat!!!!!!!!!!,Wow what a fucking game!! the best I've ever seen in my life! Argentine congratulations!!!! is achieved!!!! world champions!!!! nobody deserved it more than you!! nobody fought it more than you!!! messi the goat!!!!!!!!!!!!!,2022-12-18 19:25:06+00:00,es
1604557029024079873,ahora es que mi coraz√≥n est√° empezando a latir a su ritmo normal...,ahora es que mi corazon esta empezando a latir a su ritmo normal...,Now my heart is starting to beat at its normal rate...,Now my heart is starting to beat at its normal rate...,Now my heart is starting to beat at its normal rate...,Now it's just that my heart is starting to beat at its normal rate...,2022-12-18 19:19:41+00:00,es
1604518160035590145,infarto,infarto,heart attack,infarction,Heart attack,heart attack,2022-12-18 16:45:14+00:00,es
1604501529683120128,√Ångel Di Mar√≠a,angel di maria,angel of mary,Angel di Maria,Angel of Mary,angel di maria,2022-12-18 15:39:09+00:00,es
1604501225860374532,GOOOOOOOOOOOOOOOOOOOOOOOOOOOOOOOOOOOOOOOOOOOOOOOOOOOOOOOOOOOOOOOOOOOOOOOOOOOOOOOOOOOOOOOOOOOOOOOOOOOOOOOOOOOOOOOOOOOOOOOOOOOOOOOOOOOOOOOOOOOOOOOOOOOOOOOOOOOOOOOOOOOOOOOOOO!!!!!!!!!!!!!!!!!!!!!,goooooooooooooooooooooooooooooooooooooooooooooooooooooooooooooooooooooooooooooooooooooooooooooooooooooooooooooooooooooooooooooooooooooooooooooooooooooooooooooooooooooooooo!!!!!!!!!!!!!!!!!!!!!,gooooooooooooooooooooooooooooooooooooooooooooooooooooooooooooooooooooooooooooooooooooooooooooooooooooooooooooooooooooooooooooooooooooooooooooooooooooooooooooooooooooooooooooooooooooooooooooooooooooooooooooooooooooooooo,goooooo!!!!!!!!!!!!!!!!!!!!oo,Goooooooooooooooooooooooooooooooooooooooooooooooooooooooooooooooooooooooooooooooooooooooooooooooooooooooooooooooooooooooooooooooooooooooooooooooooooooooooooooooooooooooooooooooooooooooooooooooooooooooooooooooooooooooooooooooooooooooooooooooooooooooooooooooooooooooooooooooooooooooooooooooooooooooooooooooooooooooooooooooooooooooooooooooooooooooooooooooooooooooooooooooooooooooooooooooooooooooooo,Gooooooooooooooooooooooooooooooooooooooooooooooooooooooooooooooooooooooooooooooooooooooooooooooooooooooooooooooooooooooooooooooooooooooooooooooooooooooooooooooooooooooooooooooooooooooooooooooooooo!!!!!!!!!!!!!!!!!!!!!!!!!!!!!!!!!,2022-12-18 15:37:57+00:00,es
1604466610462490624,muchaaaaaachooooos,muchaaaaaachooooos,muchaaaaachooooos,muchaaaaaachooooos,‚ô™ I'm going to be a little bit more,aaaaaaaaaaaaaaaaaaaaaaaaaaaaaaaaaaaaaaaaaaaaaaaaaaaaaaaaaaaaaaaaaaaaaaaaaaaaaaaaaaaaaaaaaaaaaaaaaaaaaaaaaaaaaaaaaaaaaaaaaaaaaaaaaaaaaaaaaaaaaaaaaaaaaaaaaaaaaaaaaaaaaaaaaaaaaaaaaaaaaaaaaaaaaaaaaaaaaaaaaaaaaaaaaaaaaaaaaaaaaaaaaaaaaaaaaaaaaaaaaaaaaaaaaaaaaaaaaaaaaaaaaaaaaaaaaaaaaaaaaaaaaaaaaaaaaaaaaaaaaaaaaaaaaaaaaaaaaaaaaaaaaaaaaaaaaaaaaaaaaaaaaaaaaaaaaaaaaaaaaaaaaaaaaaaaaaaaaaaaaaaaaaaaaaaaaaaaaaaaaaaaaaaaaaaaaaaaaaaaaaaaaaaaaaaaaaaaaaaaaaaaaaaaaaaaaaaaaaaaaaaaaaaaaaaaaaaaaaaaaaaaaaaaaaaaaaaaaaaaaaaaaaaaaa,2022-12-18 13:20:24+00:00,es
1602750048487571456,GOOOOOOOOOOOOOOOOOOOOOOOOOOOLLLLLLLLLL,gooooooooooooooooooooooooooollllllllll,gooooooooooooooooooooooooooollllllllll,gooooooollllllllllllll,‚ô™ I'm not going to be a fan ‚ô™,Goooooooooooooooooooooooooooooooooooollllllllll,2022-12-13 19:39:23+00:00,es
1601836198531825669,"WOW!!! QUE NOCHEE!!! GRACIAS MEXICO!!! GRACIAS AM√âRICA POR LA MEJOR EXPERIENCIA DE MI VIDA!!!! LOS AMOOOO CON MI VIDA!!!! ME LLEVO ESTA GIRA EN EL CORAZ√ìN PARA SIEMPRE!! QUE VIVA AM√âRICA LATINA!!! QUE VIVA LA M√öSICA EN ESPA√ëOL!!! att. BENITO, DE PUERTO RICO PAL MUNDO ENTERO! ‚ù§Ô∏è‚ù§Ô∏è","wow!!! que nochee!!! gracias mexico!!! gracias america por la mejor experiencia de mi vida!!!! los amoooo con mi vida!!!! me llevo esta gira en el corazon para siempre!! que viva america latina!!! que viva la musica en espanol!!! att. benito, de puerto rico pal mundo entero!","wow!!! what a night!!! thanks mexico!!! thank you america for the best experience of my life!!!! I love them with my life!!!! I will carry this tour in my heart forever!! Long live Latin America!!! Long live music in Spanish!!! att. Benito, from Puerto Rico to the whole world!","wow!!! Let it night!! Thank you Mexico!! Thank you America for the best experience of my life!!! I love them with my life!!! I take this tour in my heart forever!! Long live Latin America!! Long live the music in Spanish!! att. Benito, from Puerto Rico pal Mundo!","Wow!!! what a night!!! thank you Mexico!!! thank you America for the best experience of my life!!!! love you with my life!!!! I carry this tour in my heart forever!! live Latin America!!! live music in Spanish!!! att. benito, from Puerto Rico pal the whole world!","wow!!! that night!!! thank you mexico!!! thank you america for the best experience of my life!!!! I love you with my life!!!! I take this tour in my heart forever!! that live Latin America!!! that live the music in Spanish!!! att. benito, from port rich to the whole world!",2022-12-11 07:08:05+00:00,es
1601336340876259329,wow que juego,wow que juego,wow what a game,wow what a game,"Wow, what a game.",wow that game,2022-12-09 22:01:49+00:00,es
1601322663028617216,no te creo,no te creo,I don't believe you,I don't believe you,I don't believe you,I don't believe you.,2022-12-09 21:07:28+00:00,es
1601255301834866688,aun no puedo creer que hoy me presento en El Azteca üá≤üáΩüíïüî•üíï,aun no puedo creer que hoy me presento en el azteca,I still can't believe that today I'm performing at the Azteca,I still can't believe I'm showing up at the Aztec today.,I still can't believe I'm showing up at the Aztec today.,I still can't believe I show up at the Aztec today.,2022-12-09 16:39:48+00:00,es
1600924755661447168,"claro que si, claro que entr√≥...","claro que si, claro que entro...","Of course yes, of course I'm in...","Of course, of course I enter...","Of course I will, of course I will go in...","Of course I do, of course I'm in...",2022-12-08 18:46:20+00:00,es
1599584355575209985,fuap... adivina,fuap... adivina,fuap... adivina,fuap... seer,Fuap... guess what?,fuap... guess what?,2022-12-05 02:00:03+00:00,es
1599530328011337728,tu novio parece que tiene 82 a√±os,tu novio parece que tiene 82 anos,your boyfriend looks like he is 82 years old,your boyfriend looks like he's 82 years old,Your boyfriend looks like he's 82 years old.,Your boyfriend looks like he's 82 years old.,2022-12-04 22:25:22+00:00,es
1599125293012201473,GOOOOOOOOOOOOOL!!!!!!!!,goooooooooooool!!!!!!!!,gooooooooooooool!!!!!!!!!!,goooooooooooool!!!!!!!,Gooooooooooool!!!!,gooooooooooool!!!!!!!!,2022-12-03 19:35:54+00:00,es
1599115542278774784,jajaj wow... la vida est√° bien loca,jajaj wow... la vida esta bien loca,hahaha wow... life is crazy,hahaj wow... Life is crazy,Wow... life is so crazy.,Hahaj wow... life is crazy.,2022-12-03 18:57:10+00:00,es
1599094250331058176,"el sexo no es importante, es important√≠simo","el sexo no es importante, es importantisimo","sex is not important, it is very important","Sex is not important, it is important","Sex is not important, it's very important.","sex isn't important, it's important.",2022-12-03 17:32:33+00:00,es
1598137143637192704,te doy con el bicho y con el lelo,te doy con el bicho y con el lelo,I give you with the bug and with the fool,I give you with the bug and with the lelo,I'll give you the bug and the lemon,I'll hit you with the bug and the lelo.,2022-12-01 02:09:21+00:00,es
1598129796231598082,"a mi me escuchan las abuelas
y sus nietecitos maleantes...
tiradores y estudiantes...
doctores y gangsters...

https://t.co/DYNnCRAngz","a mi me escuchan las abuelas
y sus nietecitos maleantes...
tiradores y estudiantes...
doctores y gangsters...",Grandmas and their thug grandsons listen to me... shooters and students... doctors and gangsters...,"Grandmothers listen to me
and their thug little grandchildren...
shooters and students...
doctors and gangsters...","I'm being listened to by grandmothers and their malevolent grandchildren, shooters and students, doctors and gangsters...",I'm being listened to by grandmothers and their little malecing granddaughters... shooters and students... doctors and gangsters...,2022-12-01 01:40:09+00:00,es
1598098587095031808,una canci√≥n con Arcangel siempre es una emoci√≥n cabrona pa' mi como si fuera la primera,una cancion con arcangel siempre es una emocion cabrona pa' mi como si fuera la primera,a song with archangel is always a fucking emotion for me as if it were the first,A song with Arcangel is always an emotion cabrona pa' mi as if it were the first,A song with archangel is always a fucking thrill for me like it's the first one.,A song with archangel is always a bastard emotion for me as if it were the first,2022-11-30 23:36:09+00:00,es
1598086549475713024,"Pa' toda la gente que me estuvo escuchando todo el a√±o...

GRACIAS!!!!

AQU√ç LES DEJO UN REGALO JUNTO A ARCANGEL LA FKN MARAVILLA

üíïüòµ‚Äçüí´üî•

https://t.co/0XcDaxMEEQ","pa' toda la gente que me estuvo escuchando todo el ano...
gracias!!!!
aqui les dejo un regalo junto a arcangel la fkn maravilla",For all the people who have been listening to me all year... thank you!!!! Here I leave a gift with Archangel the wonderful fkn,"For all the people who were listening to me all year...
Thank you!!!!
Here I leave a gift with Arcangel the FKN wonder",For all the people who have been listening to me all year... thank you!!!! here I leave you a gift with archangel the fkn wonder,pa' all the people who were listening to me all year... thank you!!!! here I leave a gift with Arcangel the wonder fkn,2022-11-30 22:48:19+00:00,es
1597429022656323584,me acabo de enterar de eso,me acabo de enterar de eso,I just found out about it,I just found out about it.,I just found out about that.,I just found out about that.,2022-11-29 03:15:32+00:00,es
1596967817819361280,no hay una loca pa' este locooooo,no hay una loca pa' este locooooo,there is no crazy person for this crazy person,there is no crazy pa' this locooooo,There's no crazy woman for this crazy guy,There's no crazy pa' this crazyooo,2022-11-27 20:42:52+00:00,es
1596965450159902720,necesito aplicar mis propios consejos,necesito aplicar mis propios consejos,I need to apply my own advice,I need to apply my own advice,I need to apply my own advice.,I need to apply my own advice.,2022-11-27 20:33:28+00:00,es
1595696495101083648,si la gente supiera,si la gente supiera,if people knew,If people knew,If people knew,If people knew,2022-11-24 08:31:05+00:00,es
1595609670294593536,hoy est√° nublado y tronando,hoy esta nublado y tronando,today is cloudy and thundering,Today is cloudy and thundering,Today it's cloudy and thunder,Today it's cloudy and thundering,2022-11-24 02:46:05+00:00,es
1595151140609732608,pa' mi que yo nac√≠ pa' estar solo,pa' mi que yo naci pa' estar solo,for me that I was born to be alone,pa' mi que yo naci pa' estar solo,‚ô™ I was born to be alone ‚ô™,For my sake I was born to be alone,2022-11-22 20:24:03+00:00,es
1595127932002848768,la personalidad siempre va por encima del f√≠sico,la personalidad siempre va por encima del fisico,personality always goes above the physical,Personality always goes above the physical,The personality always goes above the physical.,the personality always goes above the physical,2022-11-22 18:51:49+00:00,es
1594036626757500928,piensa lo que tu quieras,piensa lo que tu quieras,think what you want,Think what you want,Think what you want,Think what you want.,2022-11-19 18:35:22+00:00,es
1593730418926178304,a mi me gustan las cabezonas,a mi me gustan las cabezonas,I like big heads,I like bigheads,I like heads.,I like big-heads.,2022-11-18 22:18:36+00:00,es
1593407258142072832,"TITI ME PREGUNT√ì TO TO TO TOüé∂

WOW!! GRACIAS! GRACIAS @LatinGRAMMYs ü´∂üèª  ESTE GRAMMY SE LO DEDICO A LA REPUBLICA DOMINICANA üá©üá¥ Y A TODO EL MOVIMIENTO DEL DEMBOW!! A LOS ARTISTAS, PRODUCTORES, BAILARINES, DIRECTORES DE VIDEOS!! GRACIAS POR LA INSPIRACI√ìN, ESE GRAMMY ES DE USTEDES","titi me pregunto to to to to
wow!! gracias! gracias latingrammys este grammy se lo dedico a la republica dominicana y a todo el movimiento del dembow!! a los artistas, productores, bailarines, directores de videos!! gracias por la inspiracion, ese grammy es de ustedes","titi I wonder to to to to wow!! thank you! thanks latingrammys I dedicate this grammy to the Dominican Republic and to the entire dembow movement!! to the artists, producers, dancers, video directors!! thanks for the inspiration, that grammy is yours","titi I wonder to to to to
wow!! Thank you! Thank you LatinGrammys this Grammy I dedicate to the Dominican Republic and the entire Dembow movement! to artists, producers, dancers, video directors!! Thanks for the inspiration, that Grammy is yours","titi I wonder to to to wow!! thank you! thank you latingrammys this grammy is dedicated to the dominican republic and the whole dembow movement!! to the artists, producers, dancers, video directors!! thank you for the inspiration, that grammy is yours","titi I ask myself to to to wow!! thanks! thanks latinrammys this grammy I dedicate to the Dominican republic and to the whole movement of the demow!! to the artists, producers, dancers, directors of videos!! thanks for the inspiration, that grammy is from you",2022-11-18 00:54:29+00:00,es
1593013127112974336,EA DIABLO DUKI üò±ü´£,ea diablo duki,of diablo duki,EA Diablo Duki,And the devil of the earth,the devil duki,2022-11-16 22:48:20+00:00,es
1593006386296008704,"tu y yo, yo y tu, nos llevamos bienüé∂","tu y yo, yo y tu, nos llevamos bien","you and me, me and you, we get along","You and I, me and you, we get along","You and me, me and you, we get along.","You and me, me and you, we get along.",2022-11-16 22:21:33+00:00,es
1592779866004676608,me duele el pecho y el antebrazo,me duele el pecho y el antebrazo,my chest and forearm hurt,My chest and forearm hurt,I have chest pain and forearm pain,my chest and forearm ache,2022-11-16 07:21:27+00:00,es
1592583112088686592,UN VERANO SIN TI ‚ù§Ô∏è,un verano sin ti,a summer without you,A summer without you,A summer without you,a summer without you,2022-11-15 18:19:37+00:00,es
1592235811558547457,te doy todo menos mi coraz√≥n,te doy todo menos mi corazon,I give you everything except my heart,I give you everything but my heart,I give you everything but my heart,I give you everything but my heart,2022-11-14 19:19:34+00:00,es
1592209980891205632,lo que no te gusta termina encant√°ndote,lo que no te gusta termina encantandote,what you don't like ends up liking you,What you don't like ends up loving you,What you don't like ends up charming you.,What you don't like ends up enchanting you,2022-11-14 17:36:55+00:00,es
1591500549639516161,hoy es s√°bado,hoy es sabado,Today is Saturday,Today is Saturday,Today is Saturday.,Today's Saturday.,2022-11-12 18:37:54+00:00,es
1591121523179388942,Felicidades a Ash Ketchum en esa gran victoria. Nosotros los que estamos desde el principio sabemos lo mucho que cost√≥ üôåüèª,felicidades a ash ketchum en esa gran victoria. nosotros los que estamos desde el principio sabemos lo mucho que costo,congratulations to ash ketchum on that great win. we who are from the beginning know how much it cost,Congratulations to Ash Ketchum on that great victory. We who are there from the beginning know how much it costs,Congratulations to Ash Ketchum on that great victory.,Congratulations to ash ketchum on that great victory. We who are from the beginning know how much it costs,2022-11-11 17:31:47+00:00,es
1591112178886549505,me gusta cuando me miras,me gusta cuando me miras,I like when you look at me,I like it when you look at me,I like it when you look at me.,I like it when you look at me.,2022-11-11 16:54:39+00:00,es
1590852804406829056,tienes que pegarte pa' que sientas el perfume,tienes que pegarte pa' que sientas el perfume,you have to hit yourself so you can feel the perfume,you have to stick to feel the perfume,You gotta hit it to feel the perfume,You have to stick to feel the perfume.,2022-11-10 23:43:59+00:00,es
1590555497954168832,no me quiero ba√±ar,no me quiero banar,I don't want to bathe,I don't want to ban,I don't want to be a banar,I don't want to bathe.,2022-11-10 04:02:36+00:00,es
1590002758765400064,cruzando la calle sin mirar,cruzando la calle sin mirar,crossing the street without looking,crossing the street without looking,Crossing the street without looking,Crossing the street without looking,2022-11-08 15:26:13+00:00,es
1589765042194771969,si Eva no se hubiera comido la manzana...,si eva no se hubiera comido la manzana...,if eva hadn't eaten the apple...,If Eve hadn't eaten the apple...,If Eva hadn't eaten the apple...,If eva hadn't eaten the apple...,2022-11-07 23:41:37+00:00,es
1589669473979883522,el coraz√≥n se llena de lo m√°s simple,el corazon se llena de lo mas simple,the heart is filled with the simplest,The heart is filled with the simplest,The heart is filled with the simplest,the heart is filled with the simplest,2022-11-07 17:21:51+00:00,es
1589449150978207744,"yo lo s√©, yo lo s√©","yo lo se, yo lo se","I know, I know","I know, I know","I know, I know.","I know, I know.",2022-11-07 02:46:22+00:00,es
1589094982795038720,ARGENTINA!!!!!!!!! ‚ù§Ô∏è ‚ù§Ô∏è‚ù§Ô∏è‚ù§Ô∏è‚ù§Ô∏è‚ù§Ô∏è‚ù§Ô∏è‚ù§Ô∏è‚ù§Ô∏è‚ù§Ô∏è‚ù§Ô∏è‚ù§Ô∏è‚ù§Ô∏è‚ù§Ô∏è‚ù§Ô∏è‚ù§Ô∏è‚ù§Ô∏è‚ù§Ô∏è‚ù§Ô∏è‚ù§Ô∏è‚ù§Ô∏è WOW!!,argentina!!!!!!!!! wow!!,argentina!!!!!!!!! wow!!,Argentina!!!!!!!!! wow!!,Argentine!!!!!!!!! wow!!,Argentina!!!!!! wow!!,2022-11-06 03:19:02+00:00,es
1588273041653788672,gente no le crean... eso sale hoy a la media noche https://t.co/5tWNz68OIz,gente no le crean... eso sale hoy a la media noche,people don't believe him... that comes out tonight at midnight,people don't believe him... That comes out today at midnight,People don't believe him... that comes out at midnight tonight.,People don't believe him... that comes out at midnight tonight.,2022-11-03 20:52:56+00:00,es
1587934964477153280,yo soy afuego,yo soy afuego,I am fire,I am Afuego,I'm out there.,I'm a fireman.,2022-11-02 22:29:32+00:00,es
1587541133441306625,jamas y nunca,jamas y nunca,Never and ever,never and never,Never and never,never and never,2022-11-01 20:24:35+00:00,es
1587461035006611456,yo te lo dije,yo te lo dije,I told you,I told you,I told you,I told you.,2022-11-01 15:06:19+00:00,es
1587235471532474369,por mala pata,por mala pata,por mala pata,By bad leg,By bad foot,for bad paw,2022-11-01 00:10:00+00:00,es
1587232988508602376,esa cancionsita,esa cancionsita,that little song,that little song,That little song,That little song.,2022-11-01 00:00:08+00:00,es
1587173370973638656,tu hueles a pepinillo,tu hueles a pepinillo,you smell like a pickle,you smell like pickle,You smell like peach,You smell like pickle.,2022-10-31 20:03:14+00:00,es
1587163433350356992,yo no puedo creer esto,yo no puedo creer esto,I can't believe this,I can't believe this,I can't believe this.,I can't believe this.,2022-10-31 19:23:45+00:00,es
1586772544626909185,que jodienda mano,que jodienda mano,what a fucking hand,that fucking hand,Fuck my hand,Fuckin' hand.,2022-10-30 17:30:30+00:00,es
1586353091539980289,no te detengas,no te detengas,do not stop,Don't stop,Don't stop,Don't stop.,2022-10-29 13:43:44+00:00,es
1586028527396454400,"yo vivir√≠a feliz toda la vida desayunado mang√∫, salami y queso frito","yo viviria feliz toda la vida desayunado mangu, salami y queso frito","I would live happily all my life eating mangu, salami and fried cheese for breakfast","I would live happily all my life breakfast mangu, salami and fried cheese","I'd live happily ever after breakfast, sleeves, salami and fried cheese.","I would live happily all my life at breakfast mangu, salami and fried cheese",2022-10-28 16:14:02+00:00,es
1586017436100620288,si me ves feliz d√©jame quieto,si me ves feliz dejame quieto,if you see me happy leave me still,If you see me happy leave me still,If you see me happy leave me alone,"If you see me happy, leave me alone.",2022-10-28 15:29:58+00:00,es
1585704544037740545,con gafas puestas pa' que no me vean el coraz√≥n,con gafas puestas pa' que no me vean el corazon,with glasses on so they don't see my heart,with glasses on so that they do not see my heart,With glasses on so they can't see my heart,With glasses on so that they don't see my heart,2022-10-27 18:46:38+00:00,es
1585447422016331782,voy a morderme un deo,voy a morderme un deo,I'm going to bite a finger,I'm going to bite a finger,I'm going to bite a goddamn,I'm gonna bite a deo.,2022-10-27 01:44:56+00:00,es
1585286581753204736,tu fuiste la que me agarraste el webo,tu fuiste la que me agarraste el webo,you were the one who grabbed my webo,You were the one who grabbed me the webo,You were the one who grabbed my web.,You're the one who got me the webo.,2022-10-26 15:05:48+00:00,es
1584763282413740032,v√°monos por ah√≠,vamonos por ahi,let's go there,Let's go there,Let's go around there.,Let's go over there.,2022-10-25 04:26:24+00:00,es
1583605199662305280,un romo que me quite el catarro,un romo que me quite el catarro,a blunt that removes my cold,A blunt that takes away my cold,A rhino that takes my spit out,a romo to take off my cold,2022-10-21 23:44:36+00:00,es
1583304915773890560,"AM√âRICA LATINA... POR FIN!!! üôåüèª

üá©üá¥üá®üá±üá¶üá∑üáµüáæüáµüá™üá™üá®üá®üá¥üáµüá¶üá®üá∑üá∏üáªüá≠üá≥üá¨üáπüá≤üáΩ",america latina... por fin!!!,latin america... finally!!!,Latin America... Finally!!!,Latin America... finally!!!,Latin America... finally!!!,2022-10-21 03:51:22+00:00,es
1583297880411975680,yo siempre te hablo claro,yo siempre te hablo claro,I always speak to you clearly,I always speak clearly to you,I always talk to you straight.,I always talk to you straight.,2022-10-21 03:23:25+00:00,es
1582384795283181568,omaygad,omaygad,omaygad,omaygad,oramegad,omaygad,2022-10-18 14:55:09+00:00,es
1581831017547304960,cuando a uno le gusta alguien uno no funciona bien,cuando a uno le gusta alguien uno no funciona bien,when you like someone you don't work well,"When you like someone, you don't work well.",When you like someone you don't work well.,"When you like someone, you don't work well.",2022-10-17 02:14:38+00:00,es
1581767330391998465,sabr√° Dios,sabra dios,God knows,Sabra Dios,God knows.,sabra god,2022-10-16 22:01:34+00:00,es
1581726400842977281,quiero hablar mucho,quiero hablar mucho,I want to talk a lot,I want to talk a lot,I want to talk a lot,I want to talk a lot.,2022-10-16 19:18:55+00:00,es
1581725631766990848,un d√≠a lluvioso,un dia lluvioso,A rainy day,A rainy day,A rainy day,a rainy day,2022-10-16 19:15:52+00:00,es
1581725522236612608,agradecido,agradecido,grateful,thankful,Thank you very much.,Thank you.,2022-10-16 19:15:26+00:00,es
1581292746765369346,wow... que sue√±o tan loco,wow... que sueno tan loco,wow... that sounds so crazy,wow... that I sound so crazy,Wow... that sounds so crazy.,Wow... I sound so crazy.,2022-10-15 14:35:44+00:00,es
1580607471013404672,donde tu estas?,donde tu estas?,where you are?,Where are you?,Where are you?,Where are you?,2022-10-13 17:12:42+00:00,es
1579949442849189888,hoy si que si,hoy si que si,today yes yes,Today if that yes,Today yes yes,"Today, yes.",2022-10-11 21:37:55+00:00,es
1579488649389150208,el a√±o no se ha acabado bro... https://t.co/hFfJ7ayDVC,el ano no se ha acabado bro...,the year is not over bro...,The anus is not over bro...,"The year's not over, bro...",The anus isn't over bro...,2022-10-10 15:06:54+00:00,es
1579172187709526019,siempre soy yo,siempre soy yo,It's always me,It's always me,It's always me.,It's always me.,2022-10-09 18:09:23+00:00,es
1579033570273697792,uno falla cuando se equivoca,uno falla cuando se equivoca,one fails when one is wrong,You fail when you're wrong,You fail when you're wrong.,You fail when you're wrong.,2022-10-09 08:58:34+00:00,es
1579033397191938048,me duele el c√≥ccix,me duele el coccix,my coccyx hurts,My coccix hurts,My coccix hurts.,My coccix hurts.,2022-10-09 08:57:53+00:00,es
1579029354688184320,est√° lloviendo y no escampa,esta lloviendo y no escampa,it's raining and it doesn't clear,It's raining and it's not raining,It's raining and it's not running away.,It's raining and it's not camping.,2022-10-09 08:41:49+00:00,es
1579029260186324992,mantequilla de man√≠,mantequilla de mani,peanut butter,peanut butter,Butter of mani,mani butter,2022-10-09 08:41:27+00:00,es
1579029135979991040,kanguro Jack,kanguro jack,kanguro jack,Kangaro Jack,Kangaroo jack,kanguro jack,2022-10-09 08:40:57+00:00,es
1579028996238741508,vete pa' all√°,vete pa' alla,vete pa' alla,go to the streets,Go to her,"Go, go, go, go, go, go, go, go, go, go, go, go, go, go, go, go, go, go, go, go, go, go, go, go, go, go, go, go, go, go, go, go, go, go, go, go, go, go, go, go, go, go, go, go, go, go, go, go, go, go, go, go, go, go, go, go, go, go, go, go, go, go, go, go, go, go, go, go, go, go, go, go, go, go, go, go, go, go, go, go, go, go, go, go, go, go, go, go, go, go, go, go, go, go, go, go, go, go, go, go, go, go, go, go, go, go, go, go, go, go, go.",2022-10-09 08:40:24+00:00,es
1579028845478686720,perd√≠ el beeper y las llaves,perdi el beeper y las llaves,I lost the beeper and the keys,I lost the beeper and keys,I lost the beeper and the keys.,I lost the beeper and the keys.,2022-10-09 08:39:48+00:00,es
1579028786376749057,me voy pa' Alaska,me voy pa' alaska,I'm going to Alaska,I'm going to Alaska,I'm going to Alaska.,I'm leaving for alaska.,2022-10-09 08:39:34+00:00,es
1579028688443961344,en mis ojos se nota no lo puedo esconder...,en mis ojos se nota no lo puedo esconder...,It shows in my eyes I can't hide it...,In my eyes you can not hide it ...,I can't hide it in my eyes.,I can't hide it in my eyes...,2022-10-09 08:39:10+00:00,es
1578967089997488128,quiero sentirme diferente pero es que eso no se elige...,quiero sentirme diferente pero es que eso no se elige...,I want to feel different but that is not chosen...,I want to feel different but that is not chosen...,"I want to feel different, but that's not elective...","I want to feel different, but it's just that you don't choose...",2022-10-09 04:34:24+00:00,es
1578045309048995842,me tropec√© con un aguacate,me tropece con un aguacate,I stumbled across an avocado,I stumble upon an avocado,I stumble over an avocado,I tripped over an avocado.,2022-10-06 15:31:34+00:00,es
1578041482874863616,kiero dalte en fol en la silla,kiero dalte en fol en la silla,kiero dalte in fol on the chair,Kiero Dalte in fol in La Silla,I'll kick your ass in the chair,kiero dalte en fol en la chair,2022-10-06 15:16:22+00:00,es
1577717050658652160,hay d√≠as m√°s brutales que otros,hay dias mas brutales que otros,there are days more brutal than others,There are days more brutal than others,There are days more brutal than others,There are days more brutal than others.,2022-10-05 17:47:12+00:00,es
1577715703041466369,un pu√±o en la quij√°,un puno en la quija,a fist in the jaw,A Puno in La Quija,A pinch on the chin,a pune in the quija,2022-10-05 17:41:50+00:00,es
1577714601696923650,ese chiste no fue tan gracioso,ese chiste no fue tan gracioso,that joke was not so funny,That joke wasn't so funny.,That joke wasn't so funny.,That joke wasn't that funny.,2022-10-05 17:37:28+00:00,es
1577713996379164685,de un punto a otro,de un punto a otro,from one point to another,From one point to another,From one point to another,from one point to another,2022-10-05 17:35:03+00:00,es
1577712620903301121,pues dale entonces hablamos despu√©s,pues dale entonces hablamos despues,"Well then, let's talk later",well give him then we speak later,"Well, give it to me then.",Then we'll talk later.,2022-10-05 17:29:35+00:00,es
1577402116397797399,forgera baoret,forgera baoret,forgera baoret,Forgera Baoret,forger baoret,forgera baoret,2022-10-04 20:55:45+00:00,es
1577401751833292801,tengo una rodilla chueca,tengo una rodilla chueca,I have a crooked knee,I have a crooked knee,I have a weak knee.,I've got a pimply knee.,2022-10-04 20:54:19+00:00,es
1577401007566426194,fuap... adivina,fuap... adivina,fuap... adivina,fuap... seer,Fuap... guess what?,fuap... guess what?,2022-10-04 20:51:21+00:00,es
1577400428278464512,antibi√≥tico una vez al d√≠a con comida,antibiotico una vez al dia con comida,antibiotic once a day with food,antibiotic once a day with food,antibiotic once a day with food,antibiotic once a day with food,2022-10-04 20:49:03+00:00,es
1577399395385020424,hay como 27 canciones que me hacen pensar en ti,hay como 27 canciones que me hacen pensar en ti,there are like 27 songs that make me think of you,There are like 27 songs that make me think of you,There are like 27 songs that make me think of you,There's like 27 songs that make me think about you.,2022-10-04 20:44:57+00:00,es
1577398031288307722,borracho sin beber,borracho sin beber,drunk without drinking,drunk without drinking,Drunk without drinking,drunk without drinking,2022-10-04 20:39:31+00:00,es
1575062260111638529,en la disco hab√≠an mil...,en la disco habian mil...,In the disco there were thousands...,In the disco there were thousand...,"On the record, there were a thousand...",On the record there were a thousand...,2022-09-28 09:58:00+00:00,es
1570965403232522242,siento y pienso mucho m√°s de lo que digo,siento y pienso mucho mas de lo que digo,I feel and think much more than I say,I feel and think much more than I say,I feel and think much more than I say,I feel and I think a lot more than I say.,2022-09-17 02:38:33+00:00,es
1570335106908442624,un loco so√±ador nom√°s,un loco sonador nomas,just a crazy dreamer,A crazy sonador nomas,A crazy sonar named,a mad sonator nomas,2022-09-15 08:53:59+00:00,es
1570215014082170880,eso es viejo pero es nuevo,eso es viejo pero es nuevo,that's old but it's new,That's old but it's new,That's old but it's new.,"That's old, but it's new.",2022-09-15 00:56:47+00:00,es
1570211829355511810,los carritos chocones no tiene seguro,los carritos chocones no tiene seguro,bumper cars do not have insurance,Bumper Carts Have No Insurance,The shark cart has no insurance.,Chocon carts don't have insurance,2022-09-15 00:44:07+00:00,es
1570208069497552902,estoy activo en el grupo de whatsapp,estoy activo en el grupo de whatsapp,I am active in the whatsapp group,I am active in WhatsApp group,I'm active in the whatsapp group,I'm active in whatsapp group.,2022-09-15 00:29:11+00:00,es
1570164016206712833,y si nadie me hace re√≠r pues me hago re√≠r yo mismo jajajajaj,y si nadie me hace reir pues me hago reir yo mismo jajajajaj,"And if no one makes me laugh, then I make myself laugh hahahahaha",and if nobody makes me laugh then I make myself laugh hahahahaj,And if no one makes me laugh then I make me laugh myself fuck it,And if no one makes me laugh then I make myself laugh,2022-09-14 21:34:08+00:00,es
1569063244249333760,s√°cate eso de adentro,sacate eso de adentro,get that out of the inside,Get that out of the inside,Get that out of the way.,Get that out of the inside.,2022-09-11 20:40:03+00:00,es
1569049152449036288,los viejos son locos con el bistek,los viejos son locos con el bistek,the old are crazy with the steak,The old guys are crazy about the bistek,Old people are crazy about bistek.,Old people are crazy with the bistek.,2022-09-11 19:44:04+00:00,es
1568849100250181632,corriendo caballo,corriendo caballo,running horse,Running horse,Riding a horse,Running horse,2022-09-11 06:29:07+00:00,es
1568812091372617729,mejor ahora que somos j√≥venes,mejor ahora que somos jovenes,better now that we are young,Better now that we are young,Better now that we're young,better now that we're young,2022-09-11 04:02:04+00:00,es
1568661560221990914,no olvides darle de comer al perro y echarle agua a las plantas,no olvides darle de comer al perro y echarle agua a las plantas,don't forget to feed the dog and water the plants,Do not forget to feed the dog and pour water on the plants,Don't forget to feed the dog and water the plants.,Don't forget to feed the dog and water the plants,2022-09-10 18:03:54+00:00,es
1568011792751763458,cualquier d√≠a de la semana,cualquier dia de la semana,any day of the week,any day of the week,Any day of the week,any day of the week,2022-09-08 23:01:58+00:00,es
1568008561719926784,no pienses tanto en eso,no pienses tanto en eso,don't think so much about it,Don't think so much about it,Don't think about it too much.,Don't think so much about it.,2022-09-08 22:49:07+00:00,es
1567251084082561031,me di en el deo chiquito del pie,me di en el deo chiquito del pie,I hit the little finger of the foot,I gave myself in the little toe of the foot,I hit the little toe.,I hit the little deo on my foot.,2022-09-06 20:39:11+00:00,es
1565870425191505920,me di un cantazo en el codo,me di un cantazo en el codo,I smacked my elbow,I gave myself a song in the elbow,I gave myself a singing in the elbow,I sung myself in the elbow.,2022-09-03 01:12:56+00:00,es
1565869555666169856,pienso y pienso y pienso,pienso y pienso y pienso,I think and I think and I think,I think and think and think,I think and I think and I think,think and think and think,2022-09-03 01:09:29+00:00,es
1565387800974921729,"en tus ojos veo el mar, mami llevame en tu olaaaaaaaa üåä","en tus ojos veo el mar, mami llevame en tu olaaaaaaaa","I see the sea in your eyes, mommy take me on your waveaaaaaaa","In your eyes I see the sea, mommy take me in your olaaaaa","In your eyes I see the sea, mommy take me in your waaaaaaa","In your eyes I see the sea, Mommy carry me in your waveaaaaaaa",2022-09-01 17:15:09+00:00,es
1563904899703873538,tu llevas rato mirando y mirando... p√©gate mejor,tu llevas rato mirando y mirando... pegate mejor,You've been looking and looking for a while... stick better,you've been looking and looking for a while... stick better,You've been looking and looking for a while... stick better,You've been looking and watching for a while.,2022-08-28 15:02:38+00:00,es
1562480730403663872,ME SIENTO COMO EL SOL...üé∂,me siento como el sol...,I feel like the sun...,I feel like the sun...,I feel like the sun...,I feel like the sun...,2022-08-24 16:43:30+00:00,es
1562103978242052101,en el mundo hay gente bruta y astutaüé∂,en el mundo hay gente bruta y astuta,there are stupid and cunning people in the world,In the world there are brute and cunning people,There are rude and cunning people in the world.,In the world there are brute and shrewd people,2022-08-23 15:46:25+00:00,es
1561803405860954116,me encanta hablar solo y yo mismo contestarme,me encanta hablar solo y yo mismo contestarme,I love to talk to myself and answer myself,I love to talk alone and answer myself,I love talking alone and answering myself.,I love talking to myself and I love to answer myself.,2022-08-22 19:52:03+00:00,es
1560038303394680832,yo no puedo escuchar una bachata sin que me den ganas de beber,yo no puedo escuchar una bachata sin que me den ganas de beber,I can't listen to bachata without making me want to drink,I can't listen to bachata without feeling like drinking,I can't hear a bachata without them making me want to drink.,I can't hear a bachata without having to drink.,2022-08-17 22:58:10+00:00,es
1559620025832587266,mi mundo est√° jodiooo y me siento perfectooooooüé∂,mi mundo esta jodiooo y me siento perfectoooooo,my world is fucked up and i feel perfect,my world is jodiooo and I feel perfectooooo,My world is fucked up and I feel perfect,My world is fucked up and I feel perfect.,2022-08-16 19:16:05+00:00,es
1559616112215597057,"tengo la boca dormida, me muerdo y no me duele","tengo la boca dormida, me muerdo y no me duele","my mouth is numb, I bite and it doesn't hurt","My mouth is asleep, I bite and it doesn't hurt","I have a sleepy mouth, I bite and it doesn't hurt.","My mouth is asleep, I bite and it doesn't hurt.",2022-08-16 19:00:32+00:00,es
1559615467173695490,todo el d√≠a,todo el dia,all day,all day,All day long,all day,2022-08-16 18:57:58+00:00,es
1557124804238610433,para aprender hay que equivocarse mas de una vez,para aprender hay que equivocarse mas de una vez,to learn you have to be wrong more than once,To learn you have to make mistakes more than once,"To learn, you have to make mistakes more than once.",to learn you have to be wrong more than once,2022-08-09 22:00:57+00:00,es
1552679430421635076,"PUERTO RICOOOO!!! Hoy lo que hay es un party cabr√≥n de esquina a esquina. """"Un Verano Sin Ti"""" es UN VERANO EN PR üáµüá∑ !!! Esto es pa' ustedes! Disfruten, p√°senla cabr√≥n y p√≥rtense bonito. ‚ù§Ô∏è","puerto ricoooo!!! hoy lo que hay es un party cabron de esquina a esquina. """"un verano sin ti"""" es un verano en pr !!! esto es pa' ustedes! disfruten, pasenla cabron y portense bonito.","Puerto Rico!!! Today what there is is a bastard party from corner to corner. ""a summer without you"" is a summer in pr !!! this is for you! Enjoy, have fun, bastard, and be nice.","Puerto Ricoooo!! Today what there is is a party from corner to corner. """"A summer without you"" is a summer in !! This is for you! Enjoy, pass it cabron and portense beautiful.","Puerto Ricoooo!!! today what we have is a fucking party corner to corner. """"a summer without you"""" is a summer in pr!!! this is for you! enjoy, have a fucking party and behave yourself.","ricooooo port!!! Today what there is is a party cabron from corner to corner. """"a summer without you"""" is a summer in pr!!! this is for you! enjoy, spend it asshole and be nice.",2022-07-28 15:36:38+00:00,es
1551037034130718722,QUE JUEGAZOOOOOOOO üî•,que juegazoooooooo,what a game,that playzoooooooo,What a game,that plays woooooooo,2022-07-24 02:50:20+00:00,es
1550548053513211905,"hay q expander el o√≠do y tratar d comprender m√°s la perspectiva d las mujeres en la m√∫sica urbana. No esperen q canten la misma mierda q los hombres, pq no lo son, SON MUJERES. Tamos tan acostumbrao al machismo en el genero q se nos hace dif√≠cil aceptar q una mujer le mete CABR√ìN","hay q expander el oido y tratar d comprender mas la perspectiva d las mujeres en la musica urbana. no esperen q canten la misma mierda q los hombres, pq no lo son, son mujeres. tamos tan acostumbrao al machismo en el genero q se nos hace dificil aceptar q una mujer le mete cabron","You have to expand your ear and try to understand more the perspective of women in urban music. Don't expect them to sing the same shit as men, because they're not, they're women. We are so accustomed to machismo in the genre that it is difficult for us to accept that a woman makes him a bastard","We must expand the ear and try to understand more the perspective of women in urban music. Do not expect q sing the same shit q men, pq are not, they are women. tamos so accustomed to machismo in the genre q makes it difficult for us to accept q a woman gets him cabron","We need to expand our hearing and try to understand the perspective of women in urban music. Don't wait. They sing the same shit as men, because they're not, they're women.","It is necessary to expand the ear and try to understand more the perspective of women in urban music. do not expect to sing the same shit that men, pq they are not, are women. we have so used to machismo in the genre that it is difficult for us to accept that a woman puts him bastard",2022-07-22 18:27:18+00:00,es
1550544872922161152,hoy estoy contento y motivado,hoy estoy contento y motivado,Today I am happy and motivated,Today I am happy and motivated,Today I am happy and motivated,Today I am happy and motivated,2022-07-22 18:14:40+00:00,es
1550218736178794504,sorry por ser yo,sorry por ser yo,sorry for being me,sorry for being me,Sorry to be me.,I'm sorry for being me.,2022-07-21 20:38:43+00:00,es
1550154379398991873,"no s√©, pero siempre huelo rico https://t.co/MaSFZj9S6r","no se, pero siempre huelo rico","I don't know, but I always smell delicious","I don't know, but I always smell rich","I don't know, but I always smell rich.","I don't know, but I always smell good.",2022-07-21 16:22:59+00:00,es
1550153443439943681,cualquiera se equivoca,cualquiera se equivoca,anyone is wrong,Anyone is wrong,Anyone is wrong.,Anyone's wrong.,2022-07-21 16:19:16+00:00,es
1550152558613860354,pero y como yo me saco est√° canci√≥n de la cabeza???? eaa rayoo https://t.co/hj2N912CUw,pero y como yo me saco esta cancion de la cabeza???? eaa rayoo,but how do I get this song out of my head???? wow ray,But how do I get this song out of my head???? EAA Rayoo,But how do I get this song out of my head?,But how do I get this song out of my head?????,2022-07-21 16:15:45+00:00,es
1549836518797320192,yo no soy celosoooooooooooooüé∂,yo no soy celosooooooooooooo,I'm not jealous,"I'm not jealous,",I'm not jealous,I'm not jealous.,2022-07-20 19:19:55+00:00,es
1549146405750550533,queeeeedaaateeee que la noche sin ti dueeeeeeeeeele üé∂,queeeeedaaateeee que la noche sin ti dueeeeeeeeeele,queeeeeedaateeeee that the night without you dueeeeeeeeeele,queeeeedaaateeee that the night without you hurtseeeeeeeeeele,"I'm sorry, but the night without you is so sad.",‚ô™ let's go ‚ô™ ‚ô™ let's go ‚ô™ ‚ô™ let's go ‚ô™ ‚ô™ let's go ‚ô™ ‚ô™ let's go ‚ô™ ‚ô™ let's go ‚ô™ ‚ô™ let's go ‚ô™ ‚ô™ let's go ‚ô™ ‚ô™ let's go ‚ô™ ‚ô™ let's go ‚ô™ ‚ô™ let's go ‚ô™ ‚ô™ let's go ‚ô™ ‚ô™ let's go ‚ô™ ‚ô™ let's go ‚ô™ ‚ô™ let's go ‚ô™ ‚ô™ let's go ‚ô™ ‚ô™ let's go ‚ô™ let's go ‚ô™ let's go ‚ô™ let's go ‚ô™,2022-07-18 21:37:39+00:00,es
1549069844099715073,las cosas m√°s sencillas son las que se guardan en mi mente,las cosas mas sencillas son las que se guardan en mi mente,The simplest things are the ones that are kept in my mind,The simplest things are the ones that are kept in my mind,The simplest things are the ones that keep me in mind.,the simplest things are the ones kept in my mind,2022-07-18 16:33:25+00:00,es
1549067498871435265,"si en la tv dan mil veces spider-man, mil veces la ver√©","si en la tv dan mil veces spider-man, mil veces la vere","If on TV they show spider-man a thousand times, I will see it a thousand times","If on TV they give a thousand times Spider-Man, a thousand times I will see it","If on TV they give a thousand times Spider-Man, a thousand times I see her.","if on tv they give a thousand times spider-man, a thousand times vere",2022-07-18 16:24:06+00:00,es
1549066082186432513,eso suena brutal,eso suena brutal,that sounds brutal,That sounds brutal.,That sounds brutal.,That sounds brutal.,2022-07-18 16:18:28+00:00,es
1547714032580251648,ahora toca un verano sin tiüé∂,ahora toca un verano sin ti,Now it's time for a summer without you,Now it's time for a summer without you,Now it's a summer without you,Now play a summer without you,2022-07-14 22:45:55+00:00,es
1547312637637173249,"pero imag√≠nate tu, tu sabes, por que si fuera as√≠... no no no, ni se te ocurra, bueno... a lo mejor si, quien sabe, con cuidaito, pero na' deja eso","pero imaginate tu, tu sabes, por que si fuera asi... no no no, ni se te ocurra, bueno... a lo mejor si, quien sabe, con cuidaito, pero na' deja eso","but imagine you, you know, because if it were like that... no no no, don't even think about it, well... maybe yes, who knows, be careful, but don't leave that","But imagine you, you know, because if it were so... no no no, don't even think about it, well... Maybe yes, who knows, carefully, but na' leaves that","But imagine you, you know, why if it was like that... no no no, no, you don't even think about it, well... maybe yes, who knows, with care, but don't let that go.","But imagine yourself, you know, because if it were like that... no no no, don't even think about it, well... maybe if, who knows, with babysitting, but na' leave that",2022-07-13 20:10:55+00:00,es
1547299280481837056,yupiiiiiiii,yupiiiiiiii,yupiiiiii,yupiiiiiiii,I'm not sure.,yupiiiiiiii,2022-07-13 19:17:50+00:00,es
1547285275386302464,a la gente le encanta vivir la vida de otros,a la gente le encanta vivir la vida de otros,people love to live the lives of others,People love to live the lives of others,People love to live the lives of others.,people love to live other people's lives,2022-07-13 18:22:11+00:00,es
1547278475630968835,no cualquiera me soporta,no cualquiera me soporta,not everyone supports me,Not just anyone can stand me,Not anyone can stand me.,Not anyone can stand me.,2022-07-13 17:55:10+00:00,es
1546947159823630336,pa' mi la √∫nica gente fea son los amargados,pa' mi la unica gente fea son los amargados,For me the only ugly people are the bitter ones,Pa' mi the only ugly people are the bitter,The only ugly people are the bitter ones,For my only ugly people are the bitter ones,2022-07-12 19:58:38+00:00,es
1545221179652308992,"A las personas que logren comprar taquillas, desde ya les digo gracias y felicidades!! ‚ù§Ô∏è La vamos a pasar cabr√≥n!!

A las personas que se queden fuera, tranquilos, no pasa nada...

todo PUERTO RICO podr√° disfrutar de este concierto :) üáµüá∑","a las personas que logren comprar taquillas, desde ya les digo gracias y felicidades!! la vamos a pasar cabron!!
a las personas que se queden fuera, tranquilos, no pasa nada...
todo puerto rico podra disfrutar de este concierto :)","To the people who manage to buy ticket offices, from now on I say thank you and congratulations! we're going to have fun bastard!! to the people who stay outside, don't worry, nothing happens... all Puerto Rico will be able to enjoy this concert :)","To the people who manage to buy lockers, from now on I say thank you and congratulations! We're going to have a good time!
To the people who stay outside, calm, nothing happens ...
All of Puerto Rico will be able to enjoy this concert :)","To the people who manage to buy tickets, since I say thank you and congratulations!! we're going to pass it up! to the people who stay out, calm, it's okay... every Puerto Rico can enjoy this concert:)","to the people who manage to buy lockers, from now on I say thank you and congratulations!! we will pass the bastard!! to the people who stay outside, quiet, nothing happens... every rich port can enjoy this concert :)",2022-07-08 01:40:12+00:00,es
1542720857440755712,aqu√≠ no existe el pecado y equivocarse es bonito...,aqui no existe el pecado y equivocarse es bonito...,Here there is no sin and making mistakes is beautiful...,There is no sin here and making mistakes is nice...,There is no sin here and to be wrong is beautiful...,There's no sin here and it's nice to be wrong...,2022-07-01 04:04:49+00:00,es
1536342965794361344,buenos d√≠as ü´∂üèª‚òÄÔ∏è,buenos dias,good morning,Good morning,Good day.,Good morning.,2022-06-13 13:41:21+00:00,es
1533831737570119681,"pero dale easy, easy...

que sabes que soy piscis...","pero dale easy, easy...
que sabes que soy piscis...","but come on easy, easy... you know I'm a Pisces...","But give it easy, easy...
that you know I'm Pisces...","But give it easy, easy... you know I'm a pussy...","But give him easy, easy... you know I'm pisces...",2022-06-06 15:22:38+00:00,es
1533308305665294336,"4 de la ma√±ana...

y Andrea...","4 de la manana...
y andrea...",4 de la manana... y Andrea...,"4 in the morning...
and Andrea...",Four of the great... and Andrea...,4 in the morning... and andrea...,2022-06-05 04:42:42+00:00,es
1532065000566624256,"TIT√ç ME PREGUNT√ì TO TO TOüé∂

‚ù§Ô∏è VIDEO NUEVO ‚ù§Ô∏è

https://t.co/jsXQXjktrW","titi me pregunto to to to
video nuevo",titi I wonder to to to new video,"titi I wonder to to to
new video",titi I wonder to to to to new video,Titi asked me to to to to video new,2022-06-01 18:22:15+00:00,es
1530626086698196992,el  ga  titotuyoteperdi√≥,el ga titotuyoteperdio,the ga titotuyoteperdio,The cat titotuyoteperdio,The ga titotuyote lost,the ga titotuyoteperdium,2022-05-28 19:04:31+00:00,es
1529889780514689024,"1 - 1

eso no se puede quedar as√≠","1 - 1
eso no se puede quedar asi",1 - 1 that can't stay like this,"1 - 1
That can't stay that way",1 - 1 that can't stay like this.,1 - 1 that can't stay that way,2022-05-26 18:18:42+00:00,es
1528124389631344641,"el sol est√° que pela, ponte sunblock","el sol esta que pela, ponte sunblock","The sun is burning, put on sunblock","The sun is peeling, get sunblock","The sun is shining, put sunblock","The sun is peeling, put on sunblock",2022-05-21 21:23:40+00:00,es
1528119143483981824,me pic√≥ una hormiga en la pantorrilla,me pico una hormiga en la pantorrilla,an ant stung me on my calf,I get bitten by an ant on my calf,I'm getting an ant in my calf.,I got an ant on my calf,2022-05-21 21:02:49+00:00,es
1528116777594540033,tienes la piel reseca,tienes la piel reseca,you have dry skin,you have dry skin,You have dry skin.,Your skin's dry.,2022-05-21 20:53:25+00:00,es
1527801116850892800,"Siempre lo digo y siempre lo voy a decir, no importa cuan arriba, cuantos logros o cuan mundial logre llegar, nunca nada superar√° el sentimiento de estar en PR y escuchar mi m√∫sica sonar en los carros ‚ù§Ô∏è el disco entero sonando de ESTE a OESTE pu√±eta gracias!! GRACIAS!!! ü´∂üèª","siempre lo digo y siempre lo voy a decir, no importa cuan arriba, cuantos logros o cuan mundial logre llegar, nunca nada superara el sentimiento de estar en pr y escuchar mi musica sonar en los carros el disco entero sonando de este a oeste puneta gracias!! gracias!!!","I always say it and I will always say it, no matter how high, how many achievements or how global I manage to reach, nothing will ever overcome the feeling of being in pr and listening to my music playing in the cars the entire album playing from east to west puneta thank you !! thank you!!!","I always say it and I will always say it, no matter how much up, how many achievements or how much world I manage to arrive, nothing will ever overcome the feeling of being in PR and listening to my music sound in the cars the entire album playing from east to west puneta thanks! Thank you!!!","I always say it and I always will say it, no matter how high, how many achievements or how world-class I get, nothing will ever surpass the feeling of being in PR and listening to my music playing in cars the whole album playing from east to west puneta thank you!! thank you!!!","I always say it and I will always say it, no matter how high up, how many achievements or how world-wide I get, nothing will ever overcome the feeling of being in pr and listening to my music sound in the cars the whole album ringing from east to west punta thank you!! thank you!!!",2022-05-20 23:59:06+00:00,es
1526354654677897219,salgan un momentito afuera y vean la luna,salgan un momentito afuera y vean la luna,go outside for a moment and see the moon,Get outside for a moment and see the moon,Go outside for a moment and look at the moon,Come out for a little while and see the moon.,2022-05-17 00:11:22+00:00,es
1526004618366533632,LUKAAAAAAAA ü§Øü´£,lukaaaaaaaa,lukaaaaaaa,lukaaaaaa,I'm not sure.,lukaaaaaaaaa,2022-05-16 01:00:27+00:00,es
1525623938402885632,"ma√±ana voy a terapia, hoy voy pal teteoüé∂","manana voy a terapia, hoy voy pal teteo","I have therapy, my pal said here","morning I'm going to therapy, today I'm going to pal teteo","Mama I'm going to therapy, today I'm going to pal tits","Tomorrow I'm going to therapy, today I'm going to teat",2022-05-14 23:47:46+00:00,es
1524839262243500032,"ens√©√±ame a bailar, mami yo no s√©üé∂","ensename a bailar, mami yo no se","teach me to dance, mommy I don't know","Teach me to dance, mommy I don't know","Teach me to dance, Mommy I don't know","Teach me how to dance, Mommy. I don't know.",2022-05-12 19:49:44+00:00,es
1524455727078719491,"ca√≠ en mi propia trampa... no puedo parar de escuchar el disco!!!

#UnVeranoSinTi","cai en mi propia trampa... no puedo parar de escuchar el disco!!!
unveranosinti",I fell into my own trap... I can't stop listening to the album!!! a summer i felt,"Cai in my own trap... I can't stop listening to the album!!
averanosinti",I fall into my own trap... I can't stop listening to the record!!! unveranosinti,fell into my own trap... I can't stop listening to the album!!! unveranosinti,2022-05-11 18:25:43+00:00,es
1523772410863833089,#UnVeranoSinTi en repeatttttttttt!!!,unveranosinti en repeatttttttttt!!!,unveranosinti en repeattttttttt!!!,UnveranoSinti en repeatttttttttt!!,We're not going to repeat it!,unveranosinti en repeattttttttt!!!,2022-05-09 21:10:27+00:00,es
